version,version_season,season,castaway,castaway_id,advantage_id,sequence_id,day,episode,event,played_for,played_for_id,success,votes_nullified,sog_id
US,US49,49,Alex,US0734,1,1,4,2,Found (beware),,,,,2
US,US49,49,Alex,US0734,1,2,4,2,Found,,,,,2
US,US49,49,Alex,US0734,1,3,7,3,Played,Alex,US0734,Not needed,1,4
US,US49,49,Jawan,US0738,2,1,5,2,Found,,,,,2
US,US49,49,Jawan,US0738,2,2,5,2,Played,Hina,,No,,2
US,US49,49,Rizo,US0745,4,1,6,3,Found (beware),,,,,2
US,US49,49,Rizo,US0745,4,2,9,4,Found,,,,,5
US,US49,49,Rizo,US0745,4,3,24,13,Played,Rizo,US0745,Not needed,0,14
US,US49,49,MC,US0742,3,1,6,3,Found (beware),,,,,2
US,US49,49,MC,US0742,3,2,14,7,Found,,,,,8
US,US49,49,MC,US0742,3,3,14,7,Played,MC,US0742,Not needed,0,8
US,US49,49,Sophi,US0749,5,1,11,6,Found,,,,,7
US,US49,49,Sophi,US0749,5,2,23,12,Played,Steven,US0751,No,,13
US,US49,49,Sage,US0746,6,1,14,7,Found,,,,,8
US,US49,49,Sage,US0746,6,2,14,7,Played,Sage,US0746,No,,8
US,US49,49,Savannah,US0747,7,1,15,8,Found,,,,,9
US,US49,49,Savannah,US0747,7,2,15,8,Banked,,,,,9
US,US49,49,Savannah,US0747,7,3,19,10,Played,Jawan,US0738,Not needed,,11
US,US49,49,Kristina,US0740,8,1,15,8,Found,,,,,9
US,US49,49,Kristina,US0740,8,2,19,10,Played,Kristina,US0740,Not needed,1,11
US,US49,49,Steven,US0751,9,1,21,11,Found,,,,,12
US,US49,49,Steven,US0751,9,2,23,12,Played,Savannah,US0747,No,,13
US,US49,49,Sophi,US0749,10,1,24,13,Found,,,,,14
US,US49,49,Sophi,US0749,10,2,24,13,Played,Sophi,US0749,No,,14
US,US48,48,Sai,US0729,1,1,2,1,Found (beware),,,,,1
US,US48,48,Sai,US0729,1,2,2,1,Found,,,,,1
US,US48,48,Sai,US0729,1,3,5,2,Played,Sai,US0729,Not needed,1,2
US,US48,48,Kyle,US0726,2,1,4,2,Found (beware),,,,,2
US,US48,48,Kyle,US0726,2,2,4,2,Found,,,,,2
US,US48,48,Kyle,US0726,2,3,9,4,Played,Kyle,US0726,Yes,3,4
US,US48,48,Star,US0731,3,1,4,2,Found (beware),,,,,2
US,US48,48,Star,US0731,3,2,11,5,Found,,,,,5
US,US48,48,Eva,US0721,3,3,11,5,Received,,,,,5
US,US48,48,Eva,US0721,3,4,24,13,Played,Eva,US0721,Not needed,0,14
US,US48,48,Mitch,US0728,4,1,4,2,Found,,,,,2
US,US48,48,Mitch,US0728,4,2,15,7,Played,Sai,US0729,Not needed,,7
US,US48,48,Thomas,US0733,5,1,4,2,Found,,,,,2
US,US48,48,Thomas,US0733,5,2,9,4,Voted out with advantage,,,,,4
US,US48,48,Kamilla,US0724,6,1,7,3,Found,,,,,3
US,US48,48,Kyle,US0726,6,2,9,4,Received,,,,,4
US,US48,48,Kyle,US0726,6,3,9,4,Played,Thomas,US0733,Not needed,,4
US,US48,48,Sai,US0729,7,1,13,6,Found,,,,,6
US,US48,48,Sai,US0729,7,2,13,6,Played,Sai,US0729,No,,6
US,US48,48,Eva,US0721,8,1,17,9,Found,,,,,10
US,US48,48,Eva,US0721,8,2,21,11,Expired,,,,,12
US,US48,48,Eva,US0721,9,1,24,13,Found,,,,,14
US,US48,48,Eva,US0721,9,2,24,13,Played,Eva,US0721,No,,14
US,US47,47,Gabe,US0702,1,1,2,1,Found (beware),,,,,1
US,US47,47,Gabe,US0702,1,2,2,1,Found,,,,,1
US,US47,47,Gabe,US0702,1,3,5,2,Played,Gabe,US0702,Not needed,0,2
US,US47,47,Rome,US0708,2,1,2,1,Found (beware),,,,,1
US,US47,47,Rome,US0708,2,2,4,2,Found,,,,,2
US,US47,47,Sam,US0709,3,1,4,2,Found (beware),,,,,2
US,US47,47,Sam,US0709,3,2,4,2,Found,,,,,2
US,US47,47,Sam,US0709,3,3,10,5,Expired,,,,,5
US,US47,47,Rome,US0708,2,3,7,3,Played,Rome,US0708,Not needed,1,3
US,US47,47,Rome,US0708,4,1,6,3,Found,,,,,3
US,US47,47,Rome,US0708,4,2,8,4,Played,Kishan,US0705,Not needed,,4
US,US47,47,Teeny,US0713,5,1,8,4,Found,,,,,4
US,US47,47,Caroline,US0701,6,1,8,4,Found,,,,,4
US,US47,47,Andy,US0698,7,1,8,4,Found,,,,,4
US,US47,47,Sue,US0712,8,1,8,4,Found,,,,,4
US,US47,47,Genevieve,US0703,9,1,11,6,Found,,,,,6
US,US47,47,Genevieve,US0703,9,2,11,6,Played,Genevieve,US0703,Yes,,6
US,US47,47,Teeny,US0713,5,2,12,6,Played,,,,,6
US,US47,47,Caroline,US0701,6,2,12,6,Played,,,,,6
US,US47,47,Andy,US0698,7,2,12,6,Played,,,,,6
US,US47,47,"Teeny, Caroline, Andy","US0701, US0698, US0713",10,1,12,6,Found,,,,,6
US,US47,47,"Teeny, Caroline, Andy","US0701, US0698, US0713",10,2,12,6,Played,Teeny,US0713,Not needed,0,6
US,US47,47,Sol,US0711,11,1,13,7,Found,,,,,7
US,US47,47,Sol,US0711,11,2,13,7,Played,Rachel,US0707,Yes,,7
US,US47,47,Rachel,US0707,12,1,14,8,Found,,,,,8
US,US47,47,Rachel,US0707,12,2,23,13,Played,Rachel,US0707,Yes,3,13
US,US47,47,Rachel,US0707,13,1,20,11,Found,,,,,11
US,US47,47,Rachel,US0707,13,2,23,13,Played,Sam,US0709,Not needed,,13
US,US47,47,Sue,US0712,8,2,24,13,Played,Sue,US0712,Not needed,0,14
US,US46,46,Tiffany,US0695,1,1,2,1,Found (beware),,,,,1
US,US46,46,Tiffany,US0695,1,2,2,1,Found,,,,,1
US,US46,46,Tiffany,US0695,1,3,19,10,Voted out with advantage,,,,,11
US,US46,46,Maria,US0689,2,1,2,1,Found,,,,,1
US,US46,46,Maria,US0689,2,2,9,5,Played,Jem,US0685,Not needed,,5
US,US46,46,Tevin,US0694,3,1,2,1,Found,,,,,1
US,US46,46,Tevin,US0694,3,2,16,8,Voted out with advantage,,,,,9
US,US46,46,Randen,US0692,4,1,5,2,Found (beware),,,,,2
US,US46,46,Randen,US0692,4,2,7,3,Left game with advantage,,,,,3
US,US46,46,Jem,US0685,5,1,8,4,Found (beware),,,,,4
US,US46,46,Jem,US0685,5,2,9,5,Found,,,,,5
US,US46,46,Jem,US0685,5,3,9,5,Voted out with advantage,,,,,5
US,US46,46,Hunter,US0684,6,1,9,5,Found (beware),,,,,5
US,US46,46,Hunter,US0684,6,2,11,6,Found,,,,,6
US,US46,46,Hunter,US0684,6,3,17,9,Voted out with advantage,,,,,10
US,US46,46,Venus,US0697,7,1,20,11,Found,,,,,12
US,US46,46,Venus,US0697,7,2,21,11,Voted out with advantage,,,,,12
US,US46,46,Q,US0691,8,1,23,12,Found,,,,,13
US,US46,46,Q,US0691,8,2,23,12,Voted out with advantage,,,,,13
US,US45,45,Austin,US0663,1,1,2,1,Found (beware),,,,,1
US,US45,45,Austin,US0663,1,2,6,3,Found,,,,,3
US,US45,45,Julie,US0672,1,3,17,9,Recieved,,,,,10
US,US45,45,Julie,US0672,1,4,21,11,Played,Julie,US0672,Yes,6,12
US,US45,45,Sabiyah,US0677,2,1,4,2,Found (beware),,,,,2
US,US45,45,Sabiyah,US0677,2,2,7,3,Found,,,,,3
US,US45,45,Sabiyah,US0677,2,3,7,3,Voted out with advantage,,,No,,3
US,US45,45,Drew,US0667,3,1,4,2,Found,,,,,2
US,US45,45,Kaleb,US0673,4,1,6,3,Found,,,,,3
US,US45,45,Drew,US0667,4,2,6,3,Recieved,,,,,3
US,US45,45,Austin,US0663,4,3,11,5,Recieved,,,,,5
US,US45,45,Austin,US0663,4,4,11,5,Played,Austin,US0663,Not needed,,5
US,US45,45,Austin,US0663,5,1,11,5,Found,,,,,5
US,US45,45,Austin,US0663,5,2,13,6,Became steal a vote,,,,,6
US,US45,45,Austin,US0663,5,3,17,9,Became hidden immunity idol,,,,,10
US,US45,45,Austin,US0663,5,4,23,12,Played,Austin,US0663,Not needed,0,13
US,US45,45,Kellie,US0675,6,1,11,5,Found,,,,,5
US,US45,45,Kellie,US0675,6,2,13,6,Became steal a vote,,,,,6
US,US45,45,Kellie,US0675,6,3,16,8,Voted out with advantage,,,,,9
US,US45,45,J. Maya,US0670,7,1,11,5,Found,,,,,5
US,US45,45,J. Maya,US0670,7,2,13,6,Voted out with advantage,,,,,6
US,US45,45,Bruce,US0657,8,1,12,6,Found (beware),,,,,6
US,US45,45,Bruce,US0657,8,2,12,6,Found,,,,,6
US,US45,45,Bruce,US0657,8,3,19,10,Voted out with advantage,,,,,11
US,US45,45,Jake,US0671,9,1,22,12,Found,,,,,13
US,US45,45,Jake,US0671,9,2,24,13,Played,Katurah,US0674,Not needed,1,14
US,US45,45,Jake,US0671,10,1,24,13,Found,,,,,14
US,US45,45,Jake,US0671,10,2,24,13,Played,Jake,US0671,No,,14
US,US44,44,Lauren,US0648,1,1,2,1,Found,,,,,1
US,US44,44,Lauren,US0648,1,2,3,1,Banked,,,,,1
US,US44,44,Jaime,US0646,1,3,17,9,Received,,,,,10
US,US44,44,Jaime,US0646,1,4,17,9,Played,Heidi,US0654,No,,10
US,US44,44,Brandon,US0645,2,1,2,1,Found,,,,,1
US,US44,44,Brandon,US0645,2,2,3,1,Played,Brandon,US0645,Yes,2,2
US,US44,44,Sarah,US0661,3,1,2,1,Found,,,,,1
US,US44,44,Sarah,US0661,3,2,9,4,Voted out with advantage,,,,,5
US,US44,44,Danny,US0652,4,1,4,2,Found,,,,,3
US,US44,44,Danny,US0652,4,2,15,8,Played,Frannie,US0653,Yes,6,9
US,US44,44,Carolyn,US0658,5,1,4,2,Found,,,,,3
US,US44,44,Carolyn,US0658,5,2,21,11,Played,Carson,US0659,Not needed,2,12
US,US44,44,Matthew,US0650,6,1,4,2,Found,,,,,3
US,US44,44,Matthew,US0650,6,2,11,5,Left game with advantage,,,,,6
US,US44,44,Josh,US0655,7,1,8,4,Found,,,,,5
US,US44,44,Josh,US0655,7,2,9,4,Played,Josh,US0655,Yes,2,5
US,US44,44,Carson,US0659,8,1,8,4,Found,,,,,5
US,US44,44,Carson,US0659,8,2,12,6,Expired,,,,,7
US,US44,44,Jaime,US0646,9,1,8,4,Found,,,,,5
US,US44,44,Jaime,US0646,9,2,12,6,Expired,,,,,7
US,US44,44,Heidi,US0654,10,1,14,7,Found,,,,,8
US,US44,44,Heidi,US0654,10,2,14,7,Played,Lauren,US0648,No,,8
US,US44,44,Heidi,US0654,11,1,16,9,Found,,,,,10
US,US44,44,Heidi,US0654,11,2,23,12,Played,Heidi,US0654,Not needed,0,13
US,US43,43,Gabler,US0638,1,1,2,1,Found,,,,,1
US,US43,43,Gabler,US0638,1,2,12,6,Expired,,,,,6
US,US43,43,Cody,US0628,2,1,5,2,Found (beware),,,,,2
US,US43,43,Cody,US0628,2,2,5,2,Found,,,,,2
US,US43,43,Jesse,US0634,2,3,14,7,Received,,,,,7
US,US43,43,Cody,US0628,2,4,14,7,Received,,,,,7
US,US43,43,Jesse,US0634,2,5,14,7,Received,,,,,7
US,US43,43,Owen,US0642,2,6,14,7,Received,,,,,7
US,US43,43,Owen,US0642,2,7,21,11,Played,Owen,US0642,Not needed,1,12
US,US43,43,Karla,US0636,3,1,6,3,Found (beware),,,,,3
US,US43,43,Karla,US0636,3,2,6,3,Found,,,,,3
US,US43,43,Karla,US0636,3,3,23,12,Played,Karla,US0636,Not needed,1,13
US,US43,43,Noelle,US0641,4,1,6,3,Found,,,,,3
US,US43,43,Noelle,US0641,4,2,17,9,Played,Owen,US0642,Not needed,,9
US,US43,43,Jeanine,US0633,5,1,10,5,Found (beware),,,,,5
US,US43,43,Jeanine,US0633,5,2,10,5,Found,,,,,5
US,US43,43,Dwight,US0629,5,3,14,7,Received,,,,,7
US,US43,43,Jesse,US0634,5,4,14,7,Received,,,,,7
US,US43,43,Jesse,US0634,5,5,23,12,Played,Jesse,US0634,Not needed,1,13
US,US43,43,Geo,US0631,6,1,11,5,Found,,,,,5
US,US43,43,Geo,US0631,6,2,11,5,Voted out with advantage,,,,,5
US,US43,43,James,US0632,7,1,14,7,Found,,,,,7
US,US43,43,James,US0632,7,2,17,9,Voted out with advantage,,,,,9
US,US43,43,Cody,US0628,8,1,21,11,Found,,,,,12
US,US43,43,Cody,US0628,8,2,21,11,Played,Owen,US0642,Yes,,12
US,US43,43,Karla,US0636,9,1,24,13,Found,,,,,14
US,US43,43,Karla,US0636,9,2,24,13,Played,Karla,US0636,No,,14
US,US42,42,Drea,US0611,1,1,1,1,Found,,,,,1
US,US42,42,Drea,US0611,1,2,19,10,Became steal a vote,,,,,12
US,US42,42,Drea,US0611,1,3,21,11,Voted out with advantage,,,,,13
US,US42,42,Hai,US0612,2,1,1,1,Found,,,,,1
US,US42,42,Hai,US0612,2,2,19,10,Voted out with advantage,,,,,12
US,US42,42,Lindsay,US0616,3,1,1,1,Found,,,,,1
US,US42,42,Lindsay,US0616,3,2,19,10,Became steal a vote,,,,,12
US,US42,42,Lindsay,US0616,3,3,21,11,Became hidden immunity idol,,,,,13
US,US42,42,Lindsay,US0616,3,4,23,12,Expired,,,,,14
US,US42,42,Drea,US0611,4,1,3,1,Found,,,,,1
US,US42,42,Drea,US0611,4,2,21,11,Played,Mike,US0620,No,,13
US,US42,42,Maryanne,US0619,5,1,5,2,Found,,,,,3
US,US42,42,Maryanne,US0619,5,2,23,12,Played,Omar,US0621,Yes,,14
US,US42,42,Mike,US0620,6,1,4,2,Found (beware),,,,,3
US,US42,42,Mike,US0620,6,2,10,5,Found,,,,,6
US,US42,42,Mike,US0620,6,3,24,13,Played,Maryanne,US0619,Not needed,0,15
US,US42,42,Maryanne,US0619,7,1,6,3,Found (beware),,,,,4
US,US42,42,Maryanne,US0619,7,2,10,5,Found,,,,,6
US,US42,42,Maryanne,US0619,7,3,17,9,Played,Maryanne,US0619,Not needed,0,11
US,US42,42,Omar,US0621,8,1,8,4,Found,,,,,5
US,US42,42,Omar,US0621,8,2,23,12,Voted out with advantage,,,,,14
US,US42,42,Drea,US0611,9,1,10,5,Found (beware),,,,,6
US,US42,42,Drea,US0611,9,2,10,5,Found,,,,,6
US,US42,42,Drea,US0611,9,3,17,9,Played,Drea,US0611,Not needed,0,11
US,US42,42,Drea,US0611,10,1,15,8,Found,,,,,9
US,US42,42,Drea,US0611,10,2,21,11,Played,Mike,US0620,No,,13
US,US42,42,Maryanne,US0619,11,1,19,10,Found,,,,,12
US,US42,42,Maryanne,US0619,11,2,24,13,Expired,,,,,15
US,US41,41,Xander,US0597,1,1,2,1,Found,,,,,1
US,US41,41,Xander,US0597,1,2,21,11,Played,Liana,US0608,Not needed,,13
US,US41,41,JD,US0603,2,1,2,1,Found,,,,,1
US,US41,41,Shan,US0606,2,2,9,4,Received,,,,,5
US,US41,41,Ricard,US0596,2,3,9,4,Received,,,,,5
US,US41,41,Shan,US0606,2,4,11,5,Received,,,,,6
US,US41,41,Shan,US0606,2,5,17,9,Played,Naseer,US0600,Yes,,10
US,US41,41,Deshawn,US0601,3,1,5,2,Found,,,,,3
US,US41,41,Deshawn,US0601,3,2,14,7,Played,Evvie,US0598,No,,8
US,US41,41,Xander,US0597,4,1,5,2,Found (beware),,,,,3
US,US41,41,Xander,US0597,4,2,11,5,Found,,,,,6
US,US41,41,Tiffany,US0604,4,3,14,7,Received,,,,,8
US,US41,41,Xander,US0597,4,4,16,8,Received,,,,,9
US,US41,41,Xander,US0597,4,5,24,13,Played,Xander,US0597,Not needed,0,15
US,US41,41,Brad,US0602,5,1,7,3,Found (beware),,,,,4
US,US41,41,Brad,US0602,5,2,7,3,Voted out with advantage,,,,,4
US,US41,41,Brad,US0602,6,1,6,3,Found,,,,,4
US,US41,41,Brad,US0602,6,2,7,3,Voted out with advantage,,,,,4
US,US41,41,Shan,US0606,7,1,11,5,Found (beware),,,,,6
US,US41,41,Shan,US0606,7,2,11,5,Found,,,,,6
US,US41,41,Shan,US0606,7,3,19,10,Voted out with advantage,,,,,12
US,US41,41,Naseer,US0600,8,1,11,5,Found (beware),,,,,6
US,US41,41,Naseer,US0600,8,2,11,5,Found,,,,,6
US,US41,41,Naseer,US0600,8,3,17,9,Voted out with advantage,,,,,10
US,US41,41,Liana,US0608,9,1,11,5,Found,,,,,6
US,US41,41,Liana,US0608,9,2,14,7,Played,Xander,US0597,No,,8
US,US40,40,Natalie,US0442,1,1,3,1,Found,,,,,1
US,US40,40,Sandra,US0112,1,2,3,1,Received,,,,,1
US,US40,40,Denise,US0386,1,3,16,6,Received,,,,,8
US,US40,40,Denise,US0386,1,4,16,6,Played,Denise,US0386,Yes,4,8
US,US40,40,Denise,US0386,2,1,4,2,Found,,,,,3
US,US40,40,Denise,US0386,2,2,4,2,Activated,,,,,3
US,US40,40,Denise,US0386,23,1,16,6,Found,,,,,8
US,US40,40,Denise,US0386,23,2,16,6,Played,Jeremy,US0433,Not needed,0,8
US,US40,40,Denise,US0386,3,1,4,2,Found,,,,,3
US,US40,40,Adam,US0498,3,2,4,2,Received,,,,,3
US,US40,40,Denise,US0386,3,3,6,2,Received,,,,,3
US,US40,40,Denise,US0386,3,4,16,6,Absorbed,,,,,8
US,US40,40,Kim,US0371,4,1,4,2,Found,,,,,3
US,US40,40,Kim,US0371,4,2,25,10,Activated,,,,,12
US,US40,40,Kim,US0371,5,1,4,2,Found,,,,,3
US,US40,40,Sophie,US0353,5,2,4,2,Received,,,,,3
US,US40,40,Kim,US0371,5,3,25,10,Received,,,,,12
US,US40,40,Kim,US0371,5,4,25,10,Absorbed,,,,,12
US,US40,40,Kim,US0371,45,1,25,10,Found,,,,,12
US,US40,40,Kim,US0371,45,2,25,10,Played,Denise,US0386,Not needed,2,12
US,US40,40,Sophie,US0353,7,1,12,5,Found,,,,,6
US,US40,40,Sophie,US0353,7,2,14,5,Activated,,,,,6
US,US40,40,Sophie,US0353,78,1,14,5,Found,,,,,6
US,US40,40,Sophie,US0353,78,2,28,11,Voted out with advantage,,,,,13
US,US40,40,Sophie,US0353,8,1,12,5,Found,,,,,6
US,US40,40,Sarah,US0414,8,2,12,5,Received,,,,,6
US,US40,40,Sophie,US0353,8,3,14,5,Received,,,,,6
US,US40,40,Sophie,US0353,8,4,14,5,Absorbed,,,,,6
US,US40,40,Michele,US0478,10,1,22,9,Found,,,,,11
US,US40,40,Jeremy,US0433,10,2,29,12,Received,,,,,14
US,US40,40,Michele,US0478,10,3,30,13,Received,,,,,15
US,US40,40,Michele,US0478,10,4,31,13,Played,Michele,US0478,Not needed,2,15
US,US40,40,Tony,US0424,11,1,28,11,Found,,,,,13
US,US40,40,Tony,US0424,11,2,36,14,Played,Tony,US0424,Not needed,0,17
US,US40,40,Ben,US0516,12,1,29,12,Found,,,,,14
US,US40,40,Ben,US0516,12,2,36,14,Played,Ben,US0516,Not needed,2,17
US,US40,40,Natalie,US0442,13,1,35,14,Found,,,,,17
US,US40,40,Natalie,US0442,13,2,36,14,Played,Natalie,US0442,Yes,4,17
US,US40,40,Natalie,US0442,14,1,37,14,Found,,,,,18
US,US40,40,Natalie,US0442,14,2,37,14,Played,Natalie,US0442,Not needed,0,18
US,US40,40,Tyson,US0274,9,1,15,6,Found,,,,,7
US,US40,40,Parvati,US0197,9,2,15,6,Received,,,,,7
US,US40,40,Parvati,US0197,9,3,16,6,Voted out with advantage,,,,,7
US,US40,40,Natalie,US0442,6,1,8,3,Found,,,,,4
US,US40,40,Sarah,US0414,6,2,8,3,Received,,,,,4
US,US40,40,Sarah,US0414,6,3,25,10,Played,Denise,US0386,Yes,,12
US,US39,39,Chelsea,US0574,1,1,4,2,Found,,,,,2
US,US39,39,Chelsea,US0574,1,2,11,4,Voted out with advantage,,,,,4
US,US39,39,Kellee,US0578,2,1,5,2,Found,,,,,2
US,US39,39,Dean,US0589,2,2,19,7,Received,,,,,7
US,US39,39,Dean,US0589,2,3,19,7,Played,Dean,US0589,Yes,5,7
US,US39,39,Vince,US0573,3,1,7,3,Found,,,,,3
US,US39,39,Vince,US0573,3,2,8,3,Voted out with advantage,,,,,3
US,US39,39,Jamal,US0579,4,1,9,4,Found,,,,,4
US,US39,39,Jamal,US0579,4,2,19,7,Played,Noura,US0588,Not needed,0,7
US,US39,39,Kellee,US0578,6,1,20,8,Found,,,,,8
US,US39,39,Kellee,US0578,6,2,22,8,Voted out with advantage,,,,,8
US,US39,39,Kellee,US0578,7,1,22,8,Found,,,,,8
US,US39,39,Kellee,US0578,7,2,22,8,Voted out with advantage,,,,,8
US,US39,39,Janet,US0586,8,1,23,8,Found,,,,,9
US,US39,39,Janet,US0586,8,2,24,8,Played,Janet,US0586,Not needed,2,9
US,US39,39,Karishma,US0583,9,1,25,9,Found,,,,,10
US,US39,39,Karishma,US0583,9,2,30,10,Played,Karishma,US0583,Yes,7,12
US,US39,39,Lauren,US0587,10,1,30,10,Found,,,,,12
US,US39,39,Lauren,US0587,10,2,30,10,Played,Lauren,US0587,Not needed,0,12
US,US39,39,Elaine,US0584,11,1,31,11,Found,,,,,13
US,US39,39,Elaine,US0584,11,2,32,11,Played,Elaine,US0584,Not needed,0,13
US,US39,39,Janet,US0586,12,1,33,12,Found,,,,,14
US,US39,39,Janet,US0586,12,2,37,13,Played,Janet,US0586,Not needed,4,16
US,US39,39,Dean,US0589,14,1,36,13,Found,,,,,16
US,US39,39,Dean,US0589,14,2,37,13,Expired,,,,,16
US,US39,39,Dean,US0589,13,1,34,12,Found,,,,,14
US,US39,39,Dean,US0589,13,2,37,13,Played,Janet,US0586,Yes,,16
US,US39,39,Elaine,US0584,5,1,16,6,Found,,,,,6
US,US39,39,Elaine,US0584,5,2,16,6,Played,Jason,US0576,Yes,,6
US,US38,38,Ron,US0565,1,1,1,1,Found,,,,,1
US,US38,38,Ron,US0565,1,2,8,3,Expired,,,,,3
US,US38,38,Lauren,US0568,2,1,4,2,Found,,,,,2
US,US38,38,Lauren,US0568,2,2,36,13,Played,Chris,US0559,Not needed,1,15
US,US38,38,Aubry,US0477,3,1,7,3,Found,,,,,3
US,US38,38,Aubry,US0477,3,2,13,5,Voted out with advantage,,,,,6
US,US38,38,Rick,US0560,4,1,13,5,Found,,,,,
US,US38,38,Aubry,US0477,4,2,13,5,Received,,,,,
US,US38,38,Aubry,US0477,4,3,13,5,Voted out with advantage,,,,,
US,US38,38,Kelley,US0429,5,1,16,5,Found,,,,,6
US,US38,38,Kelley,US0429,5,2,27,9,Voted out with advantage,,,,,11
US,US38,38,Rick,US0560,6,1,18,6,Found,,,,,7
US,US38,38,Rick,US0560,6,2,23,8,Played,David,US0495,Not needed,1,9
US,US38,38,Aurora,US0566,7,2,21,7,Found,,,,,8
US,US38,38,Ron,US0565,7,3,27,9,Received,,,,,11
US,US38,38,Aurora,US0566,7,4,28,10,Received,,,,,12
US,US38,38,Gavin,US0570,7,5,28,10,Received,,,,,12
US,US38,38,Gavin,US0570,7,6,31,11,Played,Ron,US0565,Not needed,,13
US,US38,38,Rick,US0560,8,1,30,11,Found,,,,,13
US,US38,38,Rick,US0560,8,2,31,11,Played,Rick,US0560,Yes,4,13
US,US38,38,Rick,US0560,9,1,32,12,Found,,,,,14
US,US38,38,Rick,US0560,9,2,36,13,Played,Rick,US0560,Yes,3,15
US,US38,38,Chris,US0559,10,1,35,13,Found,,,,,15
US,US38,38,Chris,US0559,10,2,37,13,Played,Chris,US0559,Yes,3,16
US,US38,38,Rick,US0560,11,1,37,13,Found,,,,,15
US,US38,38,Gavin,US0570,11,2,37,13,Received,,,,,15
US,US38,38,Gavin,US0570,11,3,37,13,Played,Gavin,US0570,Not needed,0,15
US,US37,37,Dan,US0546,1,1,2,1,Found,,,,,1
US,US37,37,Dan,US0546,1,2,22,8,Played,Angelina,US0554,Not needed,2,9
US,US37,37,Davie,US0551,2,1,4,2,Found,,,,,2
US,US37,37,Davie,US0551,2,2,22,8,Played,Christian,US0550,Yes,7,9
US,US37,37,Carl,US0548,3,1,10,4,Found,,,,,4
US,US37,37,Carl,US0548,3,2,25,9,Played,Dan,US0546,Yes,,10
US,US37,37,Dan,US0546,4,1,15,5,Found,,,,,6
US,US37,37,Dan,US0546,4,2,25,9,Played,Dan,US0546,No,0,10
US,US37,37,Nick,US0556,5,1,21,7,Found,,,,,8
US,US37,37,Nick,US0556,5,2,25,9,Played,Alison,US0552,Yes,,10
US,US37,37,Christian,US0550,6,1,24,9,Found,,,,,10
US,US37,37,Christian,US0550,6,2,32,11,Played,Christian,US0550,Yes,5,13
US,US37,37,Nick,US0556,7,1,26,10,Found,,,,,11
US,US37,37,Nick,US0556,7,2,35,12,Played,Nick,US0556,Not needed,0,14
US,US37,37,Davie,US0551,8,1,34,12,Found,,,,,14
US,US37,37,Davie,US0551,8,2,35,12,Played,Davie,US0551,Not needed,2,14
US,US37,37,Angelina,US0554,9,1,36,13,Found,,,,,15
US,US37,37,Angelina,US0554,9,2,37,13,Played,Angelina,US0554,Not needed,0,15
US,US36,36,Jacob,US0518,1,1,3,1,Found,,,,,1
US,US36,36,Morgan,US0519,1,2,4,1,Received,,,,,1
US,US36,36,Domenick,US0535,1,3,9,2,Received,,,,,3
US,US36,36,Domenick,US0535,1,4,22,7,Played,Domenick,US0535,Not needed,0,8
US,US36,36,Domenick,US0535,2,1,4,1,Found,,,,,1
US,US36,36,Domenick,US0535,2,2,37,13,Played,Domenick,US0535,Not needed,1,15
US,US36,36,Michael,US0528,3,1,8,2,Found,,,,,3
US,US36,36,Michael,US0528,3,2,12,3,Played,Stephanie,US0521,Not needed,0,4
US,US36,36,Kellyn,US0530,4,1,18,6,Found,,,,,7
US,US36,36,Kellyn,US0530,4,2,29,10,Played,Laurel,US0534,No,,11
US,US36,36,Michael,US0528,5,1,18,6,Found,,,,,7
US,US36,36,Michael,US0528,5,2,25,8,Played,Michael,US0528,Yes,7,9
US,US36,36,Wendell,US0536,6,1,18,6,Found,,,,,7
US,US36,36,Wendell,US0536,6,2,37,13,Played,Laurel,US0534,Not needed,1,16
US,US36,36,Chris,US0524,7,1,20,7,Found,,,,,8
US,US36,36,Chris,US0524,7,2,22,7,Voted out with advantage,,,,,8
US,US36,36,Donathan,US0532,8,1,27,9,Found,,,,,10
US,US36,36,Donathan,US0532,8,2,27,9,Activated,,,,,10
US,US36,36,Donathan,US0532,8,3,29,10,Played,Donathan,US0532,Not needed,1,11
US,US36,36,Donathan,US0532,9,1,27,9,Found,,,,,10
US,US36,36,Donathan,US0532,9,2,29,10,Absorbed,,,,,11
US,US36,36,Sebastian,US0531,10,1,33,12,Found,,,,,14
US,US36,36,Sebastian,US0531,10,2,36,13,Voted out with advantage,,,,,15
US,US35,35,Ryan,US0514,1,1,1,1,Found,,,,,1
US,US35,35,Chrissy,US0515,1,2,3,1,Received,,,,,1
US,US35,35,Chrissy,US0515,1,3,37,13,Expired,,,,,14
US,US35,35,Joe,US0509,2,1,5,2,Found,,,,,2
US,US35,35,Joe,US0509,2,2,11,4,Played,Joe,US0509,Yes,2,4
US,US35,35,Jessica,US0505,3,1,9,4,Found,,,,,4
US,US35,35,Jessica,US0505,3,2,11,4,Played,Devon,US0513,Yes,,4
US,US35,35,Mike,US0512,4,1,13,5,Found,,,,,5
US,US35,35,Mike,US0512,4,2,24,9,Played,Mike,US0512,Not needed,2,9
US,US35,35,Joe,US0509,5,1,15,6,Found,,,,,6
US,US35,35,Joe,US0509,5,2,19,7,Played,Joe,US0509,Not needed,0,7
US,US35,35,Lauren,US0510,6,1,20,8,Found,,,,,8
US,US35,35,Lauren,US0510,6,2,33,11,Voted out with advantage,,,,,12
US,US35,35,Ryan,US0514,7,1,20,8,Found,,,,,8
US,US35,35,Ryan,US0514,7,2,30,10,Played,Ryan,US0514,Not needed,2,11
US,US35,35,Ben,US0516,8,1,27,10,Found,,,,,10
US,US35,35,Ben,US0516,8,2,33,11,Played,Ben,US0516,Yes,6,12
US,US35,35,Lauren,US0510,9,1,33,11,Found,,,,,12
US,US35,35,Mike,US0512,9,2,33,11,Received,,,,,12
US,US35,35,Mike,US0512,9,3,37,11,Destroyed,,,,,12
US,US35,35,Ben,US0516,10,1,36,12,Found,,,,,13
US,US35,35,Ben,US0516,10,2,36,12,Played,Ben,US0516,Not needed,0,13
US,US35,35,Ben,US0516,11,1,37,13,Found,,,,,14
US,US35,35,Ben,US0516,11,2,37,13,Played,Ben,US0516,Yes,3,14
US,US35,35,Lauren,US0510,12,1,33,11,Found,,,,,12
US,US35,35,Lauren,US0510,12,2,33,11,Voted out with advantage,,,,,12
US,US34,34,Sierra,US0456,1,1,1,1,Found,,,,,1
US,US34,34,Sarah,US0414,1,2,32,10,Received,,,,,12
US,US34,34,Sarah,US0414,1,3,36,12,Played,Sarah,US0414,Yes,3,15
US,US34,34,Troyzan,US0364,2,1,9,2,Found,,,,,3
US,US34,34,Troyzan,US0364,2,2,36,12,Played,Troyzan,US0364,Not needed,0,15
US,US34,34,Tai,US0476,3,1,11,3,Found,,,,,4
US,US34,34,Tai,US0476,3,2,11,3,Played,Sierra,US0456,Yes,6,4
US,US34,34,J.T.,US0281,4,1,12,4,Found,,,,,5
US,US34,34,J.T.,US0281,4,2,13,4,Voted out with advantage,,,,,5
US,US34,34,Debbie,US0470,5,1,14,5,Found,,,,,6
US,US34,34,Debbie,US0470,5,2,24,7,Played,Ozzy,US0201,Not needed,,9
US,US34,34,Tai,US0476,6,1,14,5,Found,,,,,6
US,US34,34,Tai,US0476,6,2,36,12,Played,Tai,US0476,Yes,2,15
US,US34,34,Tai,US0476,7,1,14,5,Found,,,,,6
US,US34,34,Tai,US0476,7,2,36,12,Played,Aubry,US0477,Yes,1,15
US,US33,33,Jessica,US0489,1,1,1,1,Found,,,,,1
US,US33,33,Ken,US0497,1,2,30,10,Received,,,,,10
US,US33,33,Ken,US0497,1,3,36,13,Played,Ken,US0497,Not needed,1,15
US,US33,33,David,US0495,2,1,5,2,Found,,,,,2
US,US33,33,David,US0495,2,2,12,4,Played,Jessica,US0489,Yes,5,4
US,US33,33,Adam,US0498,3,1,11,4,Found,,,,,4
US,US33,33,Adam,US0498,3,2,33,11,Played,Hannah,US0496,Not needed,4,12
US,US33,33,David,US0495,4,1,13,5,Found,,,,,5
US,US33,33,David,US0495,4,2,30,10,Played,Ken,US0497,Not needed,0,11
US,US33,33,Jay,US0493,5,1,16,6,Found,,,,,6
US,US33,33,Jay,US0493,5,2,35,12,Played,Jay,US0493,Not needed,1,14
US,US33,33,Adam,US0498,6,1,21,8,Found,,,,,8
US,US33,33,Jay,US0493,6,2,31,11,Received,,,,,12
US,US33,33,Jay,US0493,6,3,36,13,Played,,,Yes,,15
US,US33,33,Adam,US0498,7,1,37,13,Found,,,,,15
US,US33,33,Adam,US0498,7,2,37,13,Played,Adam,US0498,Not needed,0,15
US,US32,32,Tai,US0476,1,1,7,3,Found,,,,,3
US,US32,32,Tai,US0476,1,2,37,14,Expired,,,,,15
US,US32,32,Jason,US0473,2,1,7,3,Found,,,,,3
US,US32,32,Scot,US0471,2,2,27,10,Received,,,,,11
US,US32,32,Scot,US0471,2,3,27,10,Voted out with advantage,,,,,11
US,US32,32,Neal,US0468,3,1,12,5,Found,,,,,6
US,US32,32,Neal,US0468,3,2,19,7,Medically evacuated with advantage,,,,,8
US,US32,32,Tai,US0476,4,1,25,10,Found,,,,,11
US,US32,32,Tai,US0476,4,2,32,12,Played,Michele,US0478,No,,13
US,US31,31,Kelley,US0429,1,1,3,1,Found,,,,,1
US,US31,31,Kelley,US0429,1,2,21,8,Played,Kelley,US0429,Yes,9,9
US,US31,31,Jeremy,US0433,2,1,9,3,Found,,,,,3
US,US31,31,Jeremy,US0433,2,2,26,10,Played,Stephen,US0280,Yes,5,11
US,US31,31,Jeremy,US0433,3,1,22,9,Found,,,,,10
US,US31,31,Jeremy,US0433,3,2,36,14,Played,Jeremy,US0433,Yes,3,15
US,US31,31,Stephen,US0280,4,1,24,9,Found,,,,,10
US,US31,31,Stephen,US0280,4,2,29,11,Played,Joe,US0451,No,,12
US,US31,31,Kelley,US0429,5,1,28,11,Found,,,,,12
US,US31,31,Kelley,US0429,5,2,36,14,Played,Kelley,US0429,Yes,3,15
US,US30,30,Carolyn,US0459,1,1,2,1,Found,,,,,1
US,US30,30,Carolyn,US0459,1,2,35,13,Played,Carolyn,US0459,Yes,5,13
US,US30,30,Jenn,US0452,2,1,9,4,Found,,,,,4
US,US30,30,Jenn,US0452,2,2,19,7,Played,Jenn,US0452,Yes,7,7
US,US30,30,Mike,US0460,3,1,21,8,Found,,,,,8
US,US30,30,Mike,US0460,3,2,32,12,Played,Mike,US0460,Yes,4,12
US,US30,30,Dan,US0455,4,1,25,10,Found,,,,,10
US,US30,30,Dan,US0455,4,2,35,13,Played,Carolyn,US0459,No,,13
US,US29,29,John,US0427,1,1,6,2,Found,,,,,2
US,US29,29,John,US0427,1,2,8,3,Voted out with advantage,,,,,3
US,US29,29,Keith,US0439,2,1,9,4,Found,,,,,4
US,US29,29,Keith,US0439,2,2,26,10,Played,Keith,US0439,Yes,3,10
US,US29,29,Jon,US0437,3,1,19,8,Found,,,,,8
US,US29,29,Jon,US0437,3,2,26,10,Played,Jon,US0437,Yes,4,10
US,US29,29,Natalie,US0442,4,1,25,10,Found,,,,,10
US,US29,29,Natalie,US0442,4,2,37,14,Played,Jaclyn,US0441,Yes,3,14
US,US29,29,Jon,US0437,5,1,27,11,Found,,,,,11
US,US29,29,Jon,US0437,5,2,35,13,Voted out with advantage,,,,,13
US,US28,28,Garrett,US0408,1,1,1,1,Found,,,,,1
US,US28,28,Garrett,US0408,1,2,6,1,Voted out with advantage,,,,,2
US,US28,28,Tony,US0424,2,1,6,1,Found,,,,,2
US,US28,28,Tony,US0424,2,2,19,6,Played,LJ,US0416,Not needed,0,8
US,US28,28,LJ,US0416,3,1,7,2,Found,,,,,3
US,US28,28,LJ,US0416,3,2,19,6,Played,Tony,US0424,Not needed,0,8
US,US28,28,Spencer,US0421,4,1,20,7,Found,,,,,9
US,US28,28,Spencer,US0421,4,2,28,9,Played,Spencer,US0421,Not needed,0,11
US,US28,28,Tony,US0424,5,1,28,9,Found,,,,,11
US,US28,28,Tony,US0424,5,2,37,13,Expired,,,,,15
US,US28,28,Tony,US0424,6,1,29,10,Found,,,,,12
US,US28,28,Tony,US0424,6,2,36,12,Played,Tony,US0424,Not needed,0,14
US,US27,27,Tyson,US0274,1,1,19,8,Found,,,,,12
US,US27,27,Tyson,US0274,1,2,29,11,Played,Tyson,US0274,Not needed,0,16
US,US27,27,Tyson,US0274,2,1,30,12,Found,,,,,17
US,US27,27,Tyson,US0274,2,2,37,14,Played,Gervase,US0010,Not needed,2,19
US,US26,26,Reynold,US0394,1,1,4,2,Found,,,,,2
US,US26,26,Reynold,US0394,1,2,10,4,Played,Reynold,US0394,Not needed,1,5
US,US26,26,Malcolm,US0384,2,1,6,3,Found,,,,,3
US,US26,26,Malcolm,US0384,2,2,28,10,Played,Malcolm,US0384,Not needed,2,11
US,US26,26,Reynold,US0394,3,1,11,5,Found,,,,,6
US,US26,26,Reynold,US0394,3,2,25,9,Played,Malcolm,US0384,Not needed,0,10
US,US26,26,Malcolm,US0384,4,1,28,10,Found,,,,,11
US,US26,26,Malcolm,US0384,4,2,28,10,Played,Eddie,US0395,Yes,4,11
US,US26,26,Erik,US0246,5,1,31,12,Found,,,,,13
US,US26,26,Andrea,US0333,5,2,31,12,Received,,,,,13
US,US26,26,Andrea,US0333,5,3,33,12,Voted out with advantage,,,,,14
US,US25,25,Jonathan,US0196,1,1,4,2,Found,,,,,2
US,US25,25,Jonathan,US0196,1,2,19,7,Played,Jonathan,US0196,Yes,5,8
US,US25,25,Abi-Maria,US0383,2,1,8,3,Found,,,,,3
US,US25,25,Abi-Maria,US0383,2,2,27,10,Played,Abi-Maria,US0383,Yes,3,11
US,US25,25,Malcolm,US0384,3,1,11,5,Found,,,,,5
US,US25,25,Malcolm,US0384,3,2,37,14,Expired,,,,,15
US,US24,24,Sabrina,US0370,1,1,2,1,Found,,,,,1
US,US24,24,Colton,US0359,1,2,3,1,Received,,,,,1
US,US24,24,Colton,US0359,1,3,16,6,Quit with advantage,,,,,6
US,US24,24,Kim,US0371,2,1,14,5,Found,,,,,5
US,US24,24,Kim,US0371,2,2,37,14,Expired,,,,,14
US,US24,24,Troyzan,US0364,3,1,19,7,Found,,,,,7
US,US24,24,Troyzan,US0364,3,2,25,9,Played,Troyzan,US0364,Not needed,2,9
US,US23,23,Ozzy,US0201,1,1,4,2,Found,,,,,2
US,US23,23,Cochran,US0348,1,2,18,7,Received,,,,,7
US,US23,23,Ozzy,US0201,1,3,19,8,Received,,,,,8
US,US23,23,Ozzy,US0201,1,4,21,8,Played,Whitney,US0347,Not needed,0,8
US,US23,23,Coach,US0277,2,1,12,5,Found,,,,,5
US,US23,23,Coach,US0277,2,2,37,15,Expired,,,,,16
US,US22,22,Kristina,US0324,1,1,1,1,Found,,,,,1
US,US22,22,Kristina,US0324,1,2,5,2,Played,Kristina,US0324,Not needed,2,2
US,US22,22,Ralph,US0331,2,1,4,2,Found,,,,,2
US,US22,22,Ralph,US0331,2,2,21,8,Played,Mike,US0328,Not needed,0,8
US,US22,22,Boston Rob,US0055,3,1,10,4,Found,,,,,4
US,US22,22,Boston Rob,US0055,3,2,37,14,Played,Boston Rob,US0055,Not needed,1,16
US,US21,21,Marty,US0311,1,1,6,2,Found,,,,,2
US,US21,21,Sash,US0319,1,2,18,7,Received,,,,,8
US,US21,21,Sash,US0319,1,3,36,14,Played,Sash,US0319,Not needed,1,15
US,US21,21,NaOnka,US0313,2,1,9,4,Found,,,,,4
US,US21,21,Chase,US0320,2,2,28,10,Received,,,,,11
US,US21,21,Chase,US0320,2,3,28,12,Received,,,,,12
US,US21,21,Chase,US0320,2,4,36,14,Played,Chase,US0320,Not needed,0,15
US,US20,20,Tom,US0150,1,1,10,4,Found,,,,,4
US,US20,20,Tom,US0150,1,2,11,4,Played,Tom,US0150,Yes,3,4
US,US20,20,Russell,US0300,2,1,10,4,Found,,,,,4
US,US20,20,Russell,US0300,2,2,15,6,Played,Parvati,US0197,Yes,4,6
US,US20,20,J.T.,US0281,3,1,19,8,Found,,,,,9
US,US20,20,Russell,US0300,3,2,24,9,Received,,,,,10
US,US20,20,Parvati,US0197,3,3,27,10,Received,,,,,11
US,US20,20,Parvati,US0197,3,4,27,10,Played,Sandra,US0112,Not needed,0,11
US,US20,20,Parvati,US0197,4,1,23,9,Found,,,,,10
US,US20,20,Parvati,US0197,4,2,27,10,Played,Jerri,US0025,Yes,5,11
US,US20,20,Russell,US0300,5,1,29,11,Found,,,,,12
US,US20,20,Russell,US0300,5,2,30,11,Played,Russell,US0300,Not needed,0,12
US,US20,20,Sandra,US0112,6,1,31,12,Found,,,,,14
US,US20,20,Sandra,US0112,6,2,36,13,Played,Sandra,US0112,Not needed,2,15
US,US19,19,Russell H.,US0300,1,1,4,2,Found,,,,,2
US,US19,19,Russell H.,US0300,1,2,21,8,Played,Russell H.,US0300,Not needed,0,9
US,US19,19,Erik,US0290,2,1,9,4,Found,,,,,5
US,US19,19,Erik,US0290,2,2,21,8,Voted out with advantage,,,,,9
US,US19,19,Russell H.,US0300,3,1,22,9,Found,,,,,10
US,US19,19,Russell H.,US0300,3,2,24,9,Played,Russell H.,US0300,Yes,7,10
US,US19,19,Russell H.,US0300,4,1,25,10,Found,,,,,11
US,US19,19,Russell H.,US0300,4,2,37,15,Expired,,,,,16
US,US18,18,Brendan,US0273,1,1,9,3,Found,,,,,3
US,US18,18,Brendan,US0273,1,2,24,9,Voted out with advantage,,,,,8
US,US18,18,Taj,US0278,2,1,13,5,Found,,,,,5
US,US18,18,Stephen,US0280,2,2,13,5,Received,,,,,5
US,US18,18,Stephen,US0280,2,3,37,14,Expired,,,,,13
US,US17,17,Sugar,US0263,1,1,7,2,Found,,,,,3
US,US17,17,Ace,US0254,1,2,16,5,Received,,,,,6
US,US17,17,Sugar,US0263,1,3,18,5,Received,,,,,6
US,US17,17,Sugar,US0263,1,4,36,12,Played,Matty,US0262,Not needed,2,13
US,US17,17,Randy,US0258,2,1,24,7,Found,,,,,9
US,US17,17,Randy,US0258,2,2,24,7,Discarded,,,,,9
US,US16,16,Ozzy,US0201,1,1,9,4,Found,,,,,4
US,US16,16,Ozzy,US0201,1,2,27,10,Voted out with advantage,,,,,12
US,US16,16,Jason,US0244,2,1,29,11,Found,,,,,13
US,US16,16,Jason,US0244,2,2,30,11,Voted out with advantage,,,,,13
US,US16,16,Amanda,US0235,3,1,33,12,Found,,,,,15
US,US16,16,Amanda,US0235,3,2,33,12,Played,Amanda,US0235,Yes,4,15
US,US15,15,Todd,US0237,1,1,18,6,Found,,,,,6
US,US15,15,James,US0231,1,2,18,6,Received,,,,,6
US,US15,15,James,US0231,1,3,30,11,Voted out with advantage,,,,,10
US,US15,15,James,US0231,2,1,19,7,Found,,,,,7
US,US15,15,James,US0231,2,2,30,11,Voted out with advantage,,,,,10
US,US14,14,Yau-Man,US0218,1,1,17,7,Found,,,,,8
US,US14,14,Yau-Man,US0218,1,2,36,13,Played,Yau-Man,US0218,Yes,4,14
US,US14,14,Mookie,US0214,2,1,20,8,Found,,,,,9
US,US14,14,Alex,US0215,2,2,27,10,Received,,,,,11
US,US14,14,Alex,US0215,2,3,27,10,Played,Alex,US0215,Not needed,0,11
US,US14,14,Earl,US0221,3,1,36,13,Found,,,,,14
US,US14,14,Earl,US0221,3,2,37,14,Played,Earl,US0221,Not needed,0,15
US,US13,13,Yul,US0202,1,1,5,2,Found,,,,,2
US,US13,13,Yul,US0202,1,2,37,15,Expired,,,,,16
US,US12,12,Terry,US0180,1,1,9,4,Found,,,,,4
US,US12,12,Terry,US0180,1,2,37,15,Expired,,,,,13
US,US11,11,Gary,US0161,1,1,24,9,Found,,,,,10
US,US11,11,Gary,US0161,1,2,24,9,Played,Gary,US0161,Yes,0,10
AU,AU11,11,Luke,AU0042,1,1,2,2,Found,,,,,
AU,AU11,11,Luke,AU0042,1,2,13,9,Played,Luke,AU0042,Not needed,0,10
AU,AU11,11,Kass,QU0001,2,1,5,3,Found,,,,,
AU,AU11,11,Kass,QU0001,2,2,14,7,Played,Lisa,NZ0034,Not needed,0,8
AU,AU11,11,Parvati,US0197,3,1,7,4,Found,,,,,
AU,AU11,11,Parvati,US0197,3,2,13,9,Played,Parvati,US0197,Not needed,0,10
AU,AU11,11,Parvati,US0197,4,1,10,5,Found,,,,,
AU,AU11,11,Parvati,US0197,4,2,12,14,Expired,,,,,
AU,AU10,10,Nash,AU0194,1,1,1,1,Found,,,,,1
AU,AU10,10,Nash,AU0194,1,2,2,1,Played,Nash,AU0194,Not needed,3,1
AU,AU10,10,Paulie,AU0195,2,1,7,3,Found,,,,,4
AU,AU10,10,Paulie,AU0195,2,2,22,10,Played,Paulie,AU0195,Yes,4,10
AU,AU10,10,Rich,AU0197,3,1,14,6,Found,,,,,6
AU,AU10,10,Max,AU0191,3,2,14,6,Received,,,,,6
AU,AU10,10,Max,AU0191,3,3,14,6,Played,"Laura, Karin",,No,,6
AU,AU10,10,AJ,AU0177,4,1,12,5,Found,,,,,6
AU,AU10,10,AJ,AU0177,4,2,22,10,Played,AJ,AU0177,Not needed,1,10
AU,AU10,10,Max,AU0191,5,1,16,7,Found,,,,,7
AU,AU10,10,Myles,AU0193,6,1,19,9,Found,,,,,9
AU,AU10,10,Myles,AU0193,6,2,20,9,Played,Myles,AU0193,Yes,4,9
AU,AU10,10,Kristin,AU0187,7,1,19,9,Found,,,,,9
AU,AU10,10,Kristin,AU0187,7,2,29,14,Stolen,,,,,14
AU,AU10,10,Myles,AU0193,7,3,29,14,Received,,,,,14
AU,AU10,10,Myles,AU0193,7,4,29,14,Played,Paulie,AU0195,Yes,9,14
AU,AU10,10,Myles,AU0193,8,1,25,12,Found,,,,,12
AU,AU10,10,Myles,AU0193,8,2,35,17,Played,Myles,AU0193,Yes,5,17
AU,AU10,10,Myles,AU0193,9,1,25,12,Found,,,,,12
AU,AU10,10,Myles,AU0193,9,2,29,14,Played,Kristin,AU0187,Yes,,14
AU,AU10,10,Logan,AU0190,10,1,25,12,Found,,,,,12
AU,AU10,10,Logan,AU0190,10,2,31,15,Played,Logan,AU0190,Yes,6,16
AU,AU10,10,Myles,AU0193,11,1,38,19,Found,,,,,20
AU,AU10,10,Myles,AU0193,11,2,44,22,Played,Myles,AU0193,Not needed,1,23
AU,AU09,9,Winna,AU0176,1,1,4,2,Found,,,,,2
AU,AU09,9,Winna,AU0176,1,2,21,10,Played,Winna,AU0176,Yes,1,10
AU,AU09,9,Peta,AU0168,2,1,6,3,Found,,,,,3
AU,AU09,9,Peta,AU0168,2,2,7,3,Voted out with advantage,,,,,3
AU,AU09,9,Feras,AU0158,3,1,8,4,Found,,,,,4
AU,AU09,9,Feras,AU0158,3,2,9,4,Played,Feras,AU0158,Not needed,3,4
AU,AU09,9,Mark,AU0166,4,1,11,5,Found,,,,,5
AU,AU09,9,Mark,AU0166,4,2,18,8,Played,Mark,AU0166,Not needed,1,8
AU,AU09,9,Feras,AU0158,5,1,14,6,Found,,,,,6
AU,AU09,9,Feras,AU0158,5,2,45,22,Played,Feras,AU0158,Not needed,0,22
AU,AU09,9,Feras,AU0158,6,1,25,12,Found,,,,,12
AU,AU09,9,Alex,AU0154,6,2,25,12,Received,,,,,12
AU,AU09,9,Alex,AU0154,6,3,35,17,Played,Valeria,AU0174,Not needed,1,17
AU,AU09,9,Rianna,AU0170,7,1,25,12,Found,,,,,12
AU,AU09,9,Rianna,AU0170,7,2,31,15,Played,Rianna,AU0170,Not needed,0,15
AU,AU09,9,Raymond,AU0169,8,1,33,16,Found,,,,,16
AU,AU09,9,Raymond,AU0169,8,2,37,18,Played,Raymond,AU0169,Yes,8,18
AU,AU09,9,Caroline,AU0155,9,1,42,21,Found,,,,,21
AU,AU09,9,Caroline,AU0155,9,2,42,21,Played,Mark,AU0166,Not needed,1,21
AU,AU08,8,George,AU0118,1,1,4,3,Found,,,,,4
AU,AU08,8,George,AU0118,1,2,15,7,Played,George,AU0118,Not needed,2,8
AU,AU08,8,Shaun,AU0085,2,1,9,4,Found,,,,,5
AU,AU08,8,Shaun,AU0085,2,2,33,16,Played,Shaun,AU0085,Not needed,0,17
AU,AU08,8,Shonee,AU0068,3,1,17,8,Found,,,,,9
AU,AU08,8,Liz,AU0145,3,2,21,10,Received,,,,,11
AU,AU08,8,Jordie,AU0133,3,3,21,10,Received,,,,,11
AU,AU08,8,Jordie,AU0133,3,4,21,10,Voted out with advantage,,,,,11
AU,AU08,8,Ben,AU0141,4,1,17,8,Found,,,,,9
AU,AU08,8,Ben,AU0141,4,2,17,8,Played,Ben,AU0141,Yes,6,9
AU,AU08,8,Shonee,AU0068,5,1,19,9,Found,,,,,10
AU,AU08,8,Shonee,AU0068,5,2,19,9,Played,George,AU0118,Yes,4,10
AU,AU08,8,Liz,AU0145,6,1,20,10,Found,,,,,11
AU,AU08,8,Liz,AU0145,6,2,29,14,Played,Shonee,AU0068,Not needed,4,15
AU,AU08,8,Nina,AU0138,7,1,33,16,Found,,,,,17
AU,AU08,8,Nina,AU0138,7,2,33,16,Played,Nina,AU0138,Not needed,0,17
AU,AU08,8,Shonee,AU0068,8,1,35,17,Found,,,,,18
AU,AU08,8,Shonee,AU0068,8,2,35,17,Voted out with advantage,,,,,18
AU,AU07,7,Chrissy,AU0132,1,1,3,1,Found,,,,,1
AU,AU07,7,Chrissy,AU0132,1,2,3,1,Played,Chrissy,AU0132,Not needed,0,1
AU,AU07,7,Shay,AU0139,2,1,6,2,Found,,,,,2
AU,AU07,7,Shay,AU0139,2,2,15,7,Played,Shay,AU0139,Not needed,0,7
AU,AU07,7,Khanh,AU0135,3,1,9,3,Found,,,,,3
AU,AU07,7,Khanh,AU0135,3,2,29,13,Voted out with advantage,,,,,13
AU,AU07,7,David,AU0123,4,1,9,3,Found,,,,,3
AU,AU07,7,David,AU0123,4,2,9,3,Played,David,AU0123,Yes,8,3
AU,AU07,7,Amy,AU0120,5,1,12,6,Found,,,,,6
AU,AU07,7,Amy,AU0120,5,2,12,6,Played,Amy,AU0120,Not needed,3,6
AU,AU07,7,Croc,AU0122,6,1,15,7,Found,,,,,7
AU,AU07,7,Croc,AU0122,6,2,23,11,Voted out with advantage,,,,,11
AU,AU07,7,Mark,AU0031,7,1,24,12,Found,,,,,12
AU,AU07,7,Mark,AU0031,7,2,43,22,Played,Mark,AU0031,Not needed,0,23
AU,AU07,7,Jesse,AU0125,8,1,29,15,Found,,,,,15
AU,AU07,7,Sam,AU0030,8,2,29,15,Received,,,,,15
AU,AU07,7,Mark,AU0031,8,3,35,18,Received,,,,,19
AU,AU07,7,Mark,AU0031,8,4,42,21,Played,Mark,AU0031,Yes,3,22
AU,AU07,7,KJ,AU0136,9,1,37,19,Found,,,,,20
AU,AU07,7,KJ,AU0136,9,2,37,19,Played,"Chrissy, Josh, Mark","AU0132, AU0134, AU0031",,,20
AU,AU06,6,George,AU0118,1,1,1,1,Found,,,,,1
AU,AU06,6,George,AU0118,1,2,2,1,Played,,,Yes,,1
AU,AU06,6,Kez,AU0107,2,1,7,3,Found,,,,,3
AU,AU06,6,Kez,AU0107,2,2,7,3,Played,Kez,AU0107,Not needed,5,3
AU,AU06,6,George,AU0118,3,1,8,4,Found,,,,,4
AU,AU06,6,George,AU0118,3,2,12,5,Played,George,AU0118,Not needed,1,5
AU,AU06,6,Simon,AU0106,4,1,10,5,Found,,,,,5
AU,AU06,6,Simon,AU0106,4,2,25,12,Voted out with advantage,,,,,12
AU,AU06,6,Simon,AU0106,5,1,11,5,Found,,,,,5
AU,AU06,6,Simon,AU0106,5,2,25,12,Voted out with advantage,,,,,12
AU,AU06,6,Cara,AU0116,6,1,14,6,Found,,,,,6
AU,AU06,6,Cara,AU0116,6,2,14,6,Played,George,AU0118,Yes,4,6
AU,AU06,6,Laura,AU0111,7,1,,,Found,,,,,
AU,AU06,6,Laura,AU0111,7,2,18,8,Played,Rachel,AU0105,Yes,3,8
AU,AU06,6,Hayley,AU0119,8,1,,,Found,,,,,
AU,AU06,6,Hayley,AU0119,8,2,27,13,Played,Laura,AU0111,Yes,8,13
AU,AU06,6,Flick,AU0117,9,1,,,Found,,,,,
AU,AU06,6,Flick,AU0117,9,2,33,16,Played,Emmett,AU0112,Not needed,1,16
AU,AU06,6,George,AU0118,10,1,,,Found,,,,,
AU,AU06,6,George,AU0118,10,2,35,17,Played,Cara,AU0116,Yes,8,17
AU,AU06,6,Flick,AU0117,11,1,,,Found,,,,,
AU,AU06,6,Flick,AU0117,11,2,44,22,Played,Flick,AU0117,Yes,2,23
AU,AU06,6,Cara,AU0116,12,1,36,18,Found,,,,,
AU,AU06,6,Cara,AU0116,12,2,40,20,Played,Cara,AU0116,Not needed,0,21
AU,AU05,5,Mat,AU0063,1,1,,,Found,,,,,
AU,AU05,5,Mat,AU0063,1,2,7,3,Played,Jacqui,AU0032,Yes,5,3
AU,AU05,5,Brooke,AU0018,2,1,,,Found,,,,,
AU,AU05,5,Brooke,AU0018,2,2,7,3,Played,David,AU0086,Not needed,0,3
AU,AU05,5,Shonee,AU0068,3,1,,,Found,,,,,
AU,AU05,5,Shonee,AU0068,3,2,12,5,Played,Shonee,AU0068,Yes,5,5
AU,AU05,5,David,AU0086,4,1,,,Found,,,,,
AU,AU05,5,David,AU0086,4,2,44,19,Played,Tarzan,AU0028,Not needed,0,19
AU,AU05,5,David,AU0086,5,1,,,Found,,,,,
AU,AU05,5,David,AU0086,5,2,49,22,Played,David,AU0086,Not needed,1,22
AU,AU05,5,Mat,AU0063,6,1,,,Found,,,,,
AU,AU05,5,Mat,AU0063,6,2,22,9,Played,Mat,AU0063,Yes,3,9
AU,AU04,4,David,AU0086,1,1,,,Found,,,,,
AU,AU04,4,David,AU0086,1,2,22,10,Played,David,AU0086,Yes,3,10
AU,AU04,4,Luke,AU0042,2,1,,,Found,,,,,
AU,AU04,4,Luke,AU0042,2,2,22,10,Played,Luke,AU0042,Not needed,0,10
AU,AU04,4,Harry,AU0092,3,1,,,Found,,,,,
AU,AU04,4,Harry,AU0092,3,2,24,11,Played,Harry,AU0092,Yes,4,11
AU,AU04,4,Harry,AU0092,4,1,,,Found,,,,,
AU,AU04,4,Harry,AU0092,4,2,26,12,Played,Harry,AU0092,Yes,3,12
AU,AU04,4,Daisy,AU0088,5,1,,,Found,,,,,
AU,AU04,4,Daisy,AU0088,5,2,30,14,Played,Daisy,AU0088,No,1,14
AU,AU04,4,Daisy,AU0088,6,1,,,Found,,,,,
AU,AU04,4,Daisy,AU0088,6,2,36,17,Played,Daisy,AU0088,Not needed,0,17
AU,AU03,3,Russell,US0300,1,1,2,1,Found,,,,,1
AU,AU03,3,Russell,US0300,1,2,5,2,Voted out with advantage,,,,,2
AU,AU03,3,Moana,AU0053,2,1,8,3,Found,,,,,3
AU,AU03,3,Mat,AU0063,2,2,9,4,Received,,,,,4
AU,AU03,3,Mat,AU0063,2,3,37,17,Voted out with advantage,,,,,17
AU,AU03,3,Shane,AU0071,3,1,15,6,Found,,,,,6
AU,AU03,3,Shane,AU0071,3,2,16,6,Played,Shane,AU0071,Not needed,3,6
AU,AU03,3,Heath,AU0059,4,1,17,7,Found,,,,,7
AU,AU03,3,Heath,AU0059,4,2,20,8,Played,Heath,AU0059,Yes,7,8
AU,AU03,3,Benji,AU0064,5,1,28,12,Found,,,,,12
AU,AU03,3,Benji,AU0064,5,2,39,18,Voted out with advantage,,,,,18
AU,AU03,3,Shonee,AU0068,6,1,31,14,Found,,,,,14
AU,AU03,3,Shonee,AU0068,6,2,39,18,Played,Sharn,AU0070,No,,18
AU,AU03,3,Sharn,AU0070,7,1,37,17,Found,,,,,17
AU,AU03,3,Sharn,AU0070,7,2,37,17,Played,Sharn,AU0070,Not needed,0,17
AU,AU03,3,Brian,AU0069,8,1,38,18,Found,,,,,18
AU,AU03,3,Brian,AU0069,8,2,46,22,Played,Brian,AU0069,Not needed,0,22
AU,AU03,3,Sharn,AU0070,9,1,43,21,Found,,,,,21
AU,AU03,3,Sharn,AU0070,9,2,44,21,Played,Sharn,AU0070,Yes,3,21
AU,AU02,2,Henry,AU0039,1,1,5,2,Found,,,,,2
AU,AU02,2,Henry,AU0039,1,2,40,18,Voted out with advantage,,,,,19
AU,AU02,2,AK,AU0034,2,1,5,2,Found,,,,,2
AU,AU02,2,AK,AU0034,2,2,6,2,Played,Jarrad,AU0037,Not needed,0,2
AU,AU02,2,Jericho,AU0048,3,1,10,4,Found,,,,,4
AU,AU02,2,Tarzan,AU0028,4,1,11,4,Found,,,,,4
AU,AU02,2,Tessa,AU0040,4,2,11,4,Received,,,,,4
AU,AU02,2,Tessa,AU0040,4,3,11,4,Played,Tessa,AU0040,Yes,6,4
AU,AU02,2,Anneliese,AU0038,5,1,24,10,Found,,,,,11
AU,AU02,2,Anneliese,AU0038,5,2,38,17,Played,Anneliese,AU0038,No,0,18
AU,AU02,2,Ziggy,AU0043,6,1,26,11,Found,,,,,12
AU,AU02,2,Ziggy,AU0043,6,2,44,20,Played,Ziggy,AU0043,No,0,21
AU,AU02,2,Ziggy,AU0043,7,1,26,11,Found,,,,,12
AU,AU02,2,Ziggy,AU0043,7,2,38,17,Played,Anneliese,AU0038,Yes,8,18
AU,AU02,2,Peter,AU0046,8,1,39,18,Found,,,,,19
AU,AU02,2,Peter,AU0046,8,2,40,18,Played,,,No,,19
AU,AU02,2,Luke,AU0042,9,1,39,18,Found,,,,,19
AU,AU02,2,Luke,AU0042,9,2,40,18,Played,,,No,,19
AU,AU02,2,Tara,AU0047,10,1,45,21,Found,,,,,22
AU,AU02,2,Jericho,AU0048,11,1,50,24,Found,,,,,25
AU,AU02,2,Jericho,AU0048,12,1,50,24,Found,,,,,25
AU,AU02,2,Jericho,AU0048,12,2,50,24,Played,,,Not needed,,25
AU,AU01,1,Brooke,AU0018,4,1,29,13,Found,,,,,14
AU,AU01,1,Sam,AU0019,7,1,48,23,Won,,,,,24
AU,AU01,1,El,AU0022,8,1,48,23,Won,,,,,24
AU,AU01,1,Lee,AU0023,9,1,48,23,Won,,,,,24
AU,AU01,1,Sam,AU0019,7,2,49,23,Played,,,Yes,,24
AU,AU01,1,El,AU0022,8,2,49,23,Played,,,No,,24
AU,AU01,1,Lee,AU0023,9,2,49,23,Played,,,No,,24
AU,AU01,1,Rohan,AU0007,1,1,9,4,Found,,,,,4
AU,AU01,1,Phoebe,AU0011,1,2,21,9,Received,,,,,10
AU,AU01,1,Phoebe,AU0011,1,3,21,9,Played,Phoebe,AU0011,Yes,5,10
AU,AU01,1,Kylie,AU0015,2,1,11,5,Found,,,,,5
AU,AU01,1,Kylie,AU0015,2,2,17,7,Played,Kylie,AU0015,Yes,2,8
AU,AU01,1,Phoebe,AU0011,3,1,23,10,Found,,,,,11
AU,AU01,1,Phoebe,AU0011,3,2,27,12,Played,Phoebe,AU0011,Yes,4,13
AU,AU01,1,Nick,AU0014,5,1,32,15,Found,,,,,16
AU,AU01,1,Nick,AU0014,5,2,35,16,Played,Nick,AU0014,Not needed,4,17
AU,AU01,1,Lee,AU0023,6,1,32,15,Bought,,,,,16
AU,AU01,1,Lee,AU0023,6,2,49,23,Played,Sam,AU0019,Yes,,24
SA,SA09,9,Marian,SA0077,1,1,5,3,Found,,,,,3
SA,SA09,9,Marian,SA0077,1,2,18,11,Played,,,,,11
SA,SA09,9,Seamus,SA0088,2,1,4,3,Found,,,,,3
SA,SA09,9,Seamus,SA0088,2,2,7,4,Played,Seamus,SA0088,Not needed,0,4
SA,SA09,9,Steffi,SA0122,3,1,8,5,Found,,,,,5
SA,SA09,9,Steffi,SA0122,3,2,24,15,Voted out with advantage,,,,,15
SA,SA09,9,Tevin,SA0094,4,1,9,5,Found,,,,,5
SA,SA09,9,Tevin,SA0094,4,2,9,5,Voted out with advantage,,,,,5
SA,SA09,9,Dante,SA0117,5,1,12,7,Found,,,,,7
SA,SA09,9,Dante,SA0117,5,2,16,10,Expired,,,,,10
SA,SA09,9,Dino,SA0133,6,1,12,8,Found,,,,,8
SA,SA09,9,Dino,SA0133,6,2,14,8,Played,Dino,SA0133,Yes,3,8
SA,SA09,9,Meryl,SA0114,7,1,15,9,Found,,,,,9
SA,SA09,9,Meryl,SA0114,7,2,25,16,Played,Marian,SA0077,No,,16
SA,SA09,9,Tejan,SA0061,8,1,16,10,Found,,,,,10
SA,SA09,9,Toni,SA0099,8,2,16,10,Received,,,,,10
SA,SA09,9,Dino,SA0133,8,3,16,10,Received,,,,,10
SA,SA09,9,Dino,SA0133,8,4,16,10,Expired,,,,,10
SA,SA09,9,Marian,SA0077,9,1,18,11,Found,,,,,11
SA,SA09,9,Tejan,SA0061,10,1,21,11,Found,,,,,11
SA,SA09,9,Tejan,SA0061,10,2,21,11,Played,Tejan,SA0061,Not needed,3,11
SA,SA09,9,Shane,SA0081,11,1,18,12,Found,,,,,12
SA,SA09,9,Shane,SA0081,11,2,18,12,Expired,,,,,12
SA,SA09,9,Meryl,SA0114,12,1,20,13,Found,,,,,13
SA,SA09,9,Tejan,SA0061,12,2,24,15,Received,,,,,15
SA,SA09,9,Tejan,SA0061,12,3,28,17,Played,Tejan,SA0061,Yes,,17
SA,SA09,9,Dino,SA0133,13,1,20,13,Found,,,,,13
SA,SA09,9,Dino,SA0133,13,2,32,19,Played,Dino,SA0133,Yes,,19
SA,SA09,9,Meryl,SA0114,14,1,23,14,Found,,,,,14
SA,SA09,9,Phil,SA0073,15,1,30,18,Found,,,,,18
SA,SA09,9,Phil,SA0073,15,2,33,20,Played,Dino,SA0133,Not needed,0,20
SA,SA09,9,Dino,SA0133,16,1,32,19,Found,,,,,19
SA,SA09,9,Dino,SA0133,16,2,32,20,Played,Felix,SA0110,Not needed,,20
SA,SA07,7,Jacques,SA0120,1,1,1,1,Found,,,,,1
SA,SA07,7,Jacques,SA0120,1,2,22,9,Played,Geoffrey,SA0115,Yes,,9
SA,SA07,7,Nicole,SA0125,2,1,2,1,Found,,,,,1
SA,SA07,7,Paul,SA0107,2,2,2,1,Received,,,,,1
SA,SA07,7,Nathan,SA0113,2,3,3,1,Received,,,,,1
SA,SA07,7,Paul,SA0107,2,4,4,2,Received,,,,,2
SA,SA07,7,Rob,SA0126,2,5,5,2,Received,,,,,2
SA,SA07,7,Rob,SA0126,2,6,36,17,Played,Nicole,SA0125,Not needed,,17
SA,SA07,7,Jacques,SA0120,3,1,4,2,Found,,,,,2
SA,SA07,7,Jacques,SA0120,3,2,7,3,Played,Jacques,SA0120,Not needed,,3
SA,SA07,7,Jacques,SA0120,4,1,8,4,Found,,,,,4
SA,SA07,7,Jacques,SA0120,4,2,32,14,Played,Jacques,SA0120,Not needed,,14
SA,SA07,7,Meryl,SA0114,5,1,11,5,Found,,,,,5
SA,SA07,7,Meryl,SA0114,5,2,19,8,Played,Meryl,SA0114,Not needed,,8
SA,SA07,7,Nathan,SA0113,6,1,14,6,Found,,,,,6
SA,SA07,7,Nicole,SA0125,6,2,14,6,Received,,,,,6
SA,SA07,7,Seipei,SA0116,6,3,21,9,Received,,,,,9
SA,SA07,7,Rob,SA0126,6,4,26,11,Received,,,,,11
SA,SA07,7,Nicole,SA0125,6,5,26,11,Received,,,,,11
SA,SA07,7,Nicole,SA0125,6,6,36,17,Played,Durao,SA0124,Yes,,17
SA,SA07,7,Durao,SA0124,7,1,18,8,Found,,,,,8
SA,SA07,7,Durao,SA0124,7,2,19,8,Expired,,,,,8
SA,SA07,7,Jacques,SA0120,8,1,23,10,Found,,,,,10
SA,SA07,7,Durao,SA0124,9,1,27,12,Found,,,,,12
SA,SA07,7,Durao,SA0124,9,2,28,12,Played,Durao,SA0124,Yes,,12
SA,SA07,7,Rob,SA0126,10,1,29,13,Found,,,,,13
SA,SA07,7,Rob,SA0126,10,2,30,13,Played,Rob,SA0126,Yes,,13
SA,SA07,7,Mmaba,SA0119,11,1,32,14,Found,,,,,14
SA,SA07,7,Mmaba,SA0119,11,2,32,14,Voted out with advantage,,,,,14
SA,SA07,7,Laetitia,SA0123,12,1,34,15,Found,,,,,15
SA,SA07,7,Laetitia,SA0123,12,2,36,17,Played,Laetitia,SA0123,Not needed,,17
SA,SA07,7,Laetitia,SA0123,13,1,36,17,Found,,,,,17
SA,SA06,6,Werner,SA0102,1,1,7,3,Found,,,,,3
SA,SA06,6,Werner,SA0102,1,2,27,10,Played,Werner,SA0102,Not needed,2,10
SA,SA06,6,Chane,SA0097,2,1,7,3,Found,,,,,3
SA,SA06,6,Tom,SA0105,2,2,7,3,Received,,,,,3
SA,SA06,6,Tom,SA0105,2,3,13,5,Played,Tom,SA0105,Not needed,1,5
SA,SA06,6,Palesa,SA0098,3,1,12,4,Found,,,,,4
SA,SA06,6,Palesa,SA0098,3,2,27,10,Played,Palesa,SA0098,Not needed,0,10
SA,SA06,6,Werner,SA0102,4,1,14,6,Found,,,,,6
SA,SA06,6,Werner,SA0102,4,2,35,14,Played,Jeanne,SA0104,Yes,3,14
SA,SA06,6,PK,SA0100,5,1,26,10,Found,,,,,10
SA,SA06,6,PK,SA0100,5,2,27,10,Played,PK,SA0100,Yes,5,10
SA,SA06,6,Palesa,SA0098,6,1,28,11,Found,,,,,11
SA,SA06,6,Palesa,SA0098,6,2,29,11,Voted out with advantage,,,,,11
SA,SA06,6,Toni,SA0099,7,1,30,12,Found,,,,,12
SA,SA06,6,Annalize,SA0103,7,2,30,12,Received,,,,,12
SA,SA06,6,Annalize,SA0103,7,3,35,14,Played,Jeanne,SA0104,No,,14
SA,SA06,6,Katinka,SA0101,8,1,32,13,Bought,,,,,13
SA,SA06,6,Katinka,SA0101,8,2,33,13,Played,,,No,,13
SA,SA06,6,Jeanne,SA0104,9,1,38,16,Found,,,,,16
SA,SA06,6,Jeanne,SA0104,9,2,38,16,Played,Werner,SA0102,Yes,,16
SA,SA05,5,David,SA0084,1,1,3,2,Found,,,,,2
SA,SA05,5,Shona,SA0072,1,2,9,5,Stolen,,,,,5
SA,SA05,5,Corne,SACaptain02,1,3,9,5,Received,,,,,5
SA,SA05,5,Gena,SA0074,1,4,13,7,Received,,,,,8
SA,SA05,5,Shane,SA0081,1,5,13,7,Stolen,,,,,8
SA,SA05,5,Marian,SA0077,1,6,18,10,Received,,,,,11
SA,SA05,5,Shane,SA0081,1,7,19,11,Received,,,,,12
SA,SA05,5,Shane,SA0081,1,8,22,14,Voted out with advantage,,,,,16
SA,SA05,5,Shane,SA0081,2,1,4,3,Found,,,,,3
SA,SA05,5,Marian,SA0077,2,2,19,11,Received,,,,,12
SA,SA05,5,Marian,SA0077,2,3,19,11,Played,Shane,SA0081,Yes,4,12
SA,SA05,5,Shane,SA0081,4,1,20,12,Found,,,,,13
SA,SA05,5,Sivu,SA0085,4,2,23,15,Found,,,,,17
SA,SA05,5,Sivu,SA0085,4,3,25,16,Played,Sivu,SA0085,Yes,3,18
SA,SA05,5,Mark,SACaptain01,3,1,19,11,Played,Buhle,SA0086,Not needed,0,12
SA,SA05,5,Corne,SACaptain02,5,1,20,12,Played,Solly,SA0078,Yes,1,13
SA,SA05,5,Mark,SACaptain01,6,1,21,13,Played,Moyra,SA0079,Yes,1,14
SA,SA05,5,Mark,SACaptain01,7,1,22,14,Played,Zavion,SA0083,Yes,1,16
SA,SA05,5,Corne,SACaptain02,8,1,24,15,Played,Sivu,SA0085,Yes,1,17
SA,SA05,5,Mark,SACaptain01,9,1,25,16,Played,Buhle,SA0086,Not needed,0,18
SA,SA04,4,Alison,SA0063,1,1,4,2,Found,,,,,2
SA,SA04,4,Alison,SA0063,1,2,5,2,Played,Alison,SA0063,,,2
SA,SA04,4,Alison,SA0063,1,3,14,6,Played,Alison,SA0063,,,6
SA,SA04,4,Alison,SA0063,1,4,15,7,Played,Alison,SA0063,,,8
SA,SA04,4,Alison,SA0063,1,5,16,8,Expired,,,,,11
SA,SA04,4,Tasleem,SA0052,2,1,4,2,Found,,,,,2
SA,SA04,4,Tasleem,SA0052,2,2,7,3,Played,Tasleem,SA0052,,,3
SA,SA04,4,Tasleem,SA0052,2,3,9,4,Played,Tasleem,SA0052,,,4
SA,SA04,4,Bonnie,SA0065,2,4,9,4,Received,,,,,4
SA,SA04,4,Bonnie,SA0065,2,5,12,5,Played,Bonnie,SA0065,,,5
SA,SA04,4,Bonnie,SA0065,2,6,15,7,Played,Bonnie,SA0065,,,8
SA,SA04,4,Bonnie,SA0065,2,7,16,8,Expired,,,,,11
SA,SA04,4,Harry,SA0058,3,1,7,3,Found,,,,,3
SA,SA04,4,Harry,SA0058,3,2,7,3,Lost,,,,,3
SA,SA04,4,Roxy,SA0057,4,1,9,4,Found,,,,,4
SA,SA04,4,Roxy,SA0057,4,2,14,6,Played,Vanessa,SA0056,Yes,5,7
SA,SA04,4,Tejan,SA0061,5,1,12,5,Found,,,,,5
SA,SA04,4,Tejan,SA0061,5,2,15,7,Played,Tejan,SA0061,Not needed,0,10
SA,SA04,4,Bonnie,SA0065,6,1,16,8,Found,,,,,11
SA,SA04,4,Bonnie,SA0065,6,2,19,9,Played,Hykie,SA0067,Not needed,,12
SA,SA04,4,Hykie,SA0067,6,3,19,9,Received,,,,,12
SA,SA04,4,Hykie,SA0067,6,4,21,10,Played,Bonnie,SA0065,Not needed,,13
SA,SA04,4,Bonnie,SA0065,6,5,21,10,Received,,,,,13
SA,SA04,4,Bonnie,SA0065,6,6,23,11,Played,Hykie,SA0067,Not needed,,14
SA,SA04,4,Hykie,SA0067,6,7,23,11,Received,,,,,14
SA,SA04,4,Hykie,SA0067,6,8,25,12,Expired,,,,,15
SA,SA04,4,Bonnie,SA0065,7,1,21,10,Found,,,,,13
SA,SA04,4,Bonnie,SA0065,7,2,21,10,Played,Hykie,SA0067,Not needed,3,13
SA,SA04,4,Letshego,SA0066,8,1,22,11,Found,,,,,14
SA,SA04,4,Letshego,SA0066,8,2,23,11,Played,Letshego,SA0066,Yes,3,14
SA,SA03,3,Darren,SA0037,1,1,10,4,Found,,,,,6
SA,SA03,3,Darren,SA0037,1,2,11,4,Played,Darren,SA0037,Yes,0,6
SA,SA03,3,Ashley,SA0047,2,1,25,12,Found,,,,,14
SA,SA03,3,Ashley,SA0047,2,2,25,12,Expired,,,,,14
SA,SA01,1,Nico,SA0007,1,1,8,3,Found,,,,,3
SA,SA01,1,Nico,SA0007,1,2,14,6,Played,Nico,SA0007,No,,6
UK,UK03,3,Christopher,UK0030,2,1,20,9,Found,,,,,9
UK,UK03,3,Christopher,UK0030,2,2,24,11,Played,Leilani,UK0036,No,,11
UK,UK03,3,Doug,UK0031,1,1,8,4,Found,,,,,4
UK,UK03,3,Doug,UK0031,1,2,16,7,Expired,,,,,7
UK,UK03,3,Christopher,UK0030,3,1,20,9,Found,,,,,9
UK,UK03,3,Christopher,UK0030,3,2,21,10,Played,Christopher,UK0030,Yes,4,10
UK,UK03,3,Nathan,UK0038,4,1,28,13,Found,,,,,13
UK,UK03,3,Nathan,UK0038,4,2,28,13,Played,Nathan,UK0038,Not needed,0,13
NZ,NZ02,2,Lisa,NZ0034,4,1,19,7,Found,,,,,7
NZ,NZ02,2,Lisa,NZ0034,4,2,24,8,Played,Arun,NZ0025,Yes,,9
NZ,NZ02,2,Brad,NZ0026,1,1,6,2,Found,,,,,2
NZ,NZ02,2,Eve,NZ0028,2,1,7,3,Found,,,,,3
NZ,NZ02,2,Eve,NZ0028,2,2,15,5,Played,Eve,NZ0028,No,0,5
NZ,NZ02,2,Josh,NZ0022,3,1,12,4,Activated,,,,,4
NZ,NZ02,2,Josh,NZ0022,3,2,13,5,Expired,,,,,5
NZ,NZ02,2,Dave,NZ0032,5,1,19,7,Found,,,,,7
